{
  "roc_auc": 0.6771717171717172,
  "classification_report": {
    "0": {
      "precision": 0.9212121212121213,
      "recall": 0.9212121212121213,
      "f1-score": 0.9212121212121213,
      "support": 165.0
    },
    "1": {
      "precision": 0.13333333333333333,
      "recall": 0.13333333333333333,
      "f1-score": 0.13333333333333333,
      "support": 15.0
    },
    "accuracy": 0.8555555555555555,
    "macro avg": {
      "precision": 0.5272727272727273,
      "recall": 0.5272727272727273,
      "f1-score": 0.5272727272727273,
      "support": 180.0
    },
    "weighted avg": {
      "precision": 0.8555555555555555,
      "recall": 0.8555555555555555,
      "f1-score": 0.8555555555555555,
      "support": 180.0
    }
  }
}